{"V258":0.0678928345,"C4":0.052018851,"V317":0.0477608405,"C8":0.0394413844,"V69":0.0328427032,"dow_cos":0.0312576853,"V201":0.0233795308,"V306":0.0210236702,"V126":0.0187142771,"V133":0.01824525,"C14":0.0167924948,"card6":0.0166538768,"V294":0.0158746522,"V187":0.0152875017,"V95":0.0142250666,"V287":0.0123090381,"V225":0.0122931311,"M4":0.0121899126,"V128":0.011708661,"dow_sin":0.0113223232,"V284":0.011076198,"V29":0.0109895905,"V280":0.0109483758,"V97":0.0107347155,"V70":0.0103184152,"V246":0.0092233038,"V101":0.0084576448,"C11":0.0083896331,"V279":0.0081215305,"V125":0.0070093432}